"endpoint","error","height","operand1","operand2","operation","problemType","result","rt","subject_nr","tTrajectory","width","xTrajectory","yTrajectory"
"8.21428571429","-0.785714285714","1050","4","5","+","filler","9","853","115","[11.0, 21.0, 31.0, 41.0, 51.0, 61.0, 71.0, 81.0, 91.0, 101.0, 111.0, 121.0, 131.0, 141.0, 151.0, 161.0, 171.0, 181.0, 191.0, 201.0, 211.0, 221.0, 231.0, 241.0, 251.0, 261.0, 271.0, 281.0, 291.0, 301.0, 311.0, 321.0, 331.0, 341.0, 351.0, 361.0, 371.0, 381.0, 391.0, 401.0, 411.0, 421.0, 431.0, 441.0, 451.0, 461.0, 471.0, 481.0, 491.0, 501.0, 511.0, 521.0, 531.0, 541.0, 551.0, 561.0, 571.0, 581.0, 591.0, 601.0, 611.0, 621.0, 631.0, 641.0, 651.0, 661.0, 671.0, 681.0, 691.0, 701.0, 711.0, 721.0, 731.0, 741.0, 751.0, 761.0, 771.0, 781.0, 791.0, 801.0, 811.0, 821.0, 831.0, 841.0, 851.0]","1680","[802, 798, 789, 781, 773, 769, 757, 751, 748, 745, 740, 737, 737, 737, 735, 735, 734, 733, 733, 733, 733, 733, 733, 733, 733, 733, 733, 733, 733, 733, 733, 733, 733, 733, 733, 733, 733, 733, 733, 733, 733, 733, 733, 733, 733, 733, 733, 733, 733, 733, 734, 736, 738, 740, 748, 755, 759, 767, 787, 796, 814, 837, 877, 911, 943, 977, 1027, 1060, 1091, 1107, 1162, 1179, 1187, 1200, 1222, 1227, 1235, 1242, 1249, 1249, 1250, 1251, 1254, 1261, 1268]","[887, 871, 847, 831, 815, 808, 780, 768, 756, 750, 732, 724, 718, 709, 691, 687, 678, 671, 662, 662, 662, 662, 662, 662, 662, 662, 662, 662, 662, 662, 662, 662, 662, 662, 662, 662, 662, 662, 662, 662, 662, 662, 662, 662, 662, 662, 662, 662, 662, 662, 661, 661, 662, 663, 663, 660, 658, 654, 646, 643, 636, 630, 619, 610, 599, 588, 565, 550, 534, 525, 475, 452, 439, 416, 376, 366, 348, 328, 283, 272, 245, 215, 167, 137, 105]"
